Timestamp,open,high,low,close
2024-08-21 01:00:00,8795.92,8797.01,8795.65,8797.01
2024-08-21 01:05:00,8796.85,8801.69,8796.59,8801.49
2024-08-21 01:10:00,8801.49,8803.87,8798.33,8798.6
2024-08-21 01:15:00,8798.62,8801.36,8798.12,8800.92
2024-08-21 01:20:00,8801.08,8801.6,8799.61,8799.73
2024-08-21 01:00:00,8795.92,8797.01,8795.65,8797.01
2024-08-21 01:05:00,8796.85,8801.69,8796.59,8801.49
2024-08-21 01:10:00,8801.49,8803.87,8798.33,8798.6
2024-08-21 01:15:00,8798.62,8801.36,8798.12,8800.92
2024-08-21 01:20:00,8801.08,8801.6,8795.35,8795.59
2024-08-21 01:25:00,8795.48,8795.65,8794.96,8795.65
2024-08-21 01:25:00,8795.58,8795.58,8794.6,8794.93
2024-08-21 01:25:00,8794.77,8794.93,8793.94,8794.06
2024-08-21 01:25:00,8794.2,8794.41,8792.93,8793.45
2024-08-21 01:25:00,8793.65,8793.65,8792.73,8792.85
2024-08-21 01:25:00,8792.56,8793.21,8792.49,8792.86
2024-08-21 01:25:00,8792.99,8793.39,8792.96,8793.39
2024-08-21 01:25:00,8793.3,8794.19,8793.3,8793.93
2024-08-21 01:25:00,8793.65,8794.22,8793.32,8793.7
2024-08-21 01:25:00,8793.65,8793.87,8792.36,8792.98
2024-08-21 01:25:00,8793.16,8793.81,8792.86,8793.14
2024-08-21 01:30:00,8793.34,8793.34,8792.83,8793.12
2024-08-21 01:30:00,8793.31,8794.03,8792.73,8793.32
2024-08-21 01:30:00,8793.35,8794.29,8793.35,8793.74
2024-08-21 01:30:00,8793.87,8794.16,8793.17,8793.17
2024-08-21 01:30:00,8793.56,8794.19,8793.26,8793.66
2024-08-21 01:30:00,8793.86,8795.42,8793.86,8794.84
2024-08-21 01:30:00,8794.51,8795.02,8794.29,8794.97
2024-08-21 01:30:00,8794.82,8795.01,8794.07,8795.01
2024-08-21 01:30:00,8794.79,8795.25,8794.39,8795.25
2024-08-21 01:30:00,8795.38,8795.62,8794.01,8794.01
2024-08-21 01:30:00,8793.85,8795.13,8793.85,8794.96
2024-08-21 01:35:00,8794.78,8794.78,8793.64,8794.21
2024-08-21 01:35:00,8794.19,8795.06,8793.66,8793.66
2024-08-21 01:35:00,8794.04,8794.74,8794.04,8794.2
2024-08-21 01:35:00,8794.16,8794.45,8793.68,8794.25
2024-08-21 01:35:00,8794.25,8794.75,8793.6,8793.84
2024-08-21 01:35:00,8793.89,8794.14,8792.79,8793.33
2024-08-21 01:35:00,8793.73,8793.73,8792.73,8792.79
2024-08-21 01:35:00,8792.66,8793.26,8792.6,8793.0
2024-08-21 01:35:00,8793.03,8793.25,8792.55,8792.86
2024-08-21 01:35:00,8792.7,8793.43,8792.39,8792.54
2024-08-21 01:35:00,8792.89,8793.32,8792.48,8793.01
2024-08-21 01:40:00,8793.18,8793.22,8792.76,8792.82
2024-08-21 01:40:00,8793.01,8793.86,8792.83,8793.21
2024-08-21 01:40:00,8793.06,8794.9,8793.02,8794.82
2024-08-21 01:40:00,8794.55,8795.41,8793.61,8795.41
2024-08-21 01:40:00,8795.33,8795.5,8794.75,8794.8
2024-08-21 01:40:00,8794.71,8794.75,8793.3,8793.38
2024-08-21 01:40:00,8793.22,8793.22,8792.16,8792.83
2024-08-21 01:40:00,8793.03,8794.05,8792.67,8793.99
2024-08-21 01:40:00,8793.95,8794.05,8792.93,8793.04
2024-08-21 01:40:00,8793.05,8793.05,8791.77,8792.11
2024-08-21 01:40:00,8792.01,8792.66,8791.68,8791.9
2024-08-21 01:45:00,8792.08,8792.22,8791.84,8791.84
2024-08-21 01:45:00,8791.8,8792.58,8791.8,8792.06
2024-08-21 01:45:00,8791.92,8792.67,8791.84,8792.67
2024-08-21 01:45:00,8792.54,8792.64,8790.92,8791.04
2024-08-21 01:45:00,8791.15,8791.45,8790.91,8791.16
2024-08-21 01:45:00,8791.47,8791.98,8791.29,8791.49
2024-08-21 01:45:00,8791.65,8792.31,8791.03,8791.23
2024-08-21 01:45:00,8791.3,8791.91,8790.44,8790.59
2024-08-21 01:45:00,8790.73,8791.73,8790.46,8791.46
2024-08-21 01:45:00,8791.47,8792.09,8791.24,8792.09
2024-08-21 01:45:00,8792.1,8792.58,8792.1,8792.36
2024-08-21 01:50:00,8792.29,8792.62,8792.24,8792.42
2024-08-21 01:50:00,8792.43,8792.48,8792.31,8792.31
2024-08-21 01:50:00,8792.35,8792.55,8790.09,8790.18
2024-08-21 01:50:00,8789.96,8790.15,8789.28,8789.37
2024-08-21 01:50:00,8789.61,8790.28,8789.58,8789.6
2024-08-21 01:50:00,8789.74,8790.2,8789.56,8789.89
2024-08-21 01:50:00,8789.8,8790.3,8789.36,8790.3
2024-08-21 01:50:00,8790.2,8790.2,8789.11,8789.11
2024-08-21 01:50:00,8788.79,8788.79,8787.81,8788.19
2024-08-21 01:50:00,8788.16,8789.57,8788.16,8789.53
2024-08-21 01:55:00,8789.36,8789.36,8788.63,8788.63
2024-08-21 01:55:00,8788.45,8789.48,8788.15,8789.32
2024-08-21 01:55:00,8789.25,8790.27,8789.13,8790.25
2024-08-21 01:55:00,8790.06,8790.28,8789.16,8789.2
2024-08-21 01:55:00,8789.11,8789.28,8787.18,8787.46
2024-08-21 01:55:00,8787.73,8787.95,8786.94,8787.59
2024-08-21 01:55:00,8787.24,8787.95,8786.99,8787.77
2024-08-21 01:55:00,8787.88,8787.88,8786.95,8787.14
2024-08-21 01:55:00,8787.17,8787.78,8787.13,8787.48
2024-08-21 01:55:00,8787.54,8788.11,8787.03,8787.3
2024-08-21 01:55:00,8787.41,8787.99,8787.41,8787.91
2024-08-21 02:00:00,8788.43,8789.18,8788.16,8789.06
2024-08-21 02:00:00,8788.92,8788.93,8787.77,8788.32
2024-08-21 02:00:00,8788.44,8788.76,8788.06,8788.73
2024-08-21 02:00:00,8788.6,8788.6,8787.44,8787.53
2024-08-21 02:00:00,8787.19,8788.16,8786.91,8788.16
2024-08-21 02:00:00,8788.04,8788.06,8786.98,8787.02
2024-08-21 02:00:00,8787.06,8787.71,8786.59,8786.75
2024-08-21 02:00:00,8786.68,8787.49,8786.02,8786.23
2024-08-21 02:00:00,8786.27,8786.85,8785.52,8785.59
2024-08-21 02:00:00,8785.19,8785.19,8783.25,8783.25
2024-08-21 02:00:00,8783.43,8783.45,8782.79,8783.45
2024-08-21 02:05:00,8783.46,8783.65,8783.25,8783.32
2024-08-21 02:05:00,8783.29,8783.85,8783.03,8783.16
2024-08-21 02:05:00,8783.13,8783.63,8782.63,8782.86
2024-08-21 02:05:00,8782.94,8783.53,8782.65,8782.65
2024-08-21 02:05:00,8782.72,8783.24,8782.69,8782.86
2024-08-21 02:05:00,8783.22,8783.78,8783.01,8783.77
2024-08-21 02:05:00,8783.62,8783.77,8782.53,8783.03
2024-08-21 02:05:00,8782.93,8784.07,8782.62,8784.04
2024-08-21 02:05:00,8783.95,8784.58,8783.74,8783.74
2024-08-21 02:05:00,8783.5,8784.29,8783.3,8783.3
2024-08-21 02:05:00,8783.37,8783.46,8782.86,8782.86
2024-08-21 02:10:00,8782.74,8782.74,8781.94,8782.15
2024-08-21 02:10:00,8781.91,8782.9,8781.91,8782.87
2024-08-21 02:10:00,8783.19,8783.19,8781.39,8781.51
2024-08-21 02:10:00,8781.77,8782.89,8781.54,8781.81
2024-08-21 02:10:00,8781.95,8782.34,8781.55,8781.97
2024-08-21 02:10:00,8782.2,8783.22,8781.86,8783.1
2024-08-21 02:10:00,8783.21,8783.21,8781.87,8781.87
2024-08-21 02:10:00,8782.26,8783.33,8782.01,8783.29
2024-08-21 02:10:00,8783.35,8784.34,8783.27,8784.22
2024-08-21 02:10:00,8784.47,8785.84,8784.3,8785.83
2024-08-21 02:10:00,8785.97,8786.4,8785.73,8785.94
2024-08-21 02:15:00,8786.26,8786.76,8786.26,8786.54
2024-08-21 02:15:00,8786.75,8787.1,8786.45,8786.74
2024-08-21 02:15:00,8786.92,8786.92,8785.21,8785.26
2024-08-21 02:15:00,8785.52,8787.84,8785.35,8787.84
2024-08-21 02:15:00,8787.59,8788.0,8786.96,8788.0
2024-08-21 02:15:00,8787.9,8788.14,8787.4,8787.4
2024-08-21 02:15:00,8787.36,8788.74,8787.36,8788.07
2024-08-21 02:15:00,8788.11,8788.59,8787.69,8788.04
2024-08-21 02:15:00,8788.13,8788.13,8786.76,8787.2
2024-08-21 02:15:00,8787.06,8787.17,8786.59,8786.7
2024-08-21 02:15:00,8786.38,8786.66,8786.07,8786.56
2024-08-21 02:20:00,8786.48,8786.6,8786.09,8786.6
2024-08-21 02:20:00,8786.68,8787.21,8785.94,8786.47
2024-08-21 02:20:00,8786.34,8786.65,8786.23,8786.48
2024-08-21 03:00:00,8787.17,8787.75,8786.05,8786.23
2024-08-21 03:00:00,8786.14,8786.63,8785.4,8785.48
2024-08-21 03:00:00,8785.51,8785.51,8784.05,8784.24
2024-08-21 03:00:00,8784.21,8784.21,8782.81,8782.86
2024-08-21 03:05:00,8783.19,8783.68,8783.17,8783.68
2024-08-21 03:05:00,8783.72,8784.01,8783.28,8783.35
2024-08-21 03:05:00,8783.46,8783.46,8782.33,8782.69
2024-08-21 03:05:00,8782.07,8782.17,8780.95,8781.06
2024-08-21 03:05:00,8781.07,8781.32,8780.68,8780.68
2024-08-21 03:05:00,8780.44,8782.55,8780.44,8782.04
2024-08-21 03:05:00,8782.1,8782.73,8781.11,8781.11
2024-08-21 03:05:00,8781.21,8781.41,8780.95,8781.04
2024-08-21 03:05:00,8780.81,8781.52,8780.27,8780.56
2024-08-21 03:05:00,8780.54,8781.41,8780.48,8780.49
2024-08-21 03:05:00,8780.31,8781.14,8780.31,8780.66
2024-08-21 03:10:00,8780.74,8780.75,8780.22,8780.22
2024-08-21 03:10:00,8780.14,8780.39,8779.53,8780.15
2024-08-21 03:10:00,8780.12,8780.34,8779.6,8780.01
2024-08-21 03:10:00,8780.08,8780.79,8779.95,8779.95
2024-08-21 03:10:00,8780.38,8781.03,8779.55,8779.85
2024-08-21 03:10:00,8780.03,8780.03,8778.85,8779.54
2024-08-21 03:10:00,8779.82,8780.73,8779.82,8780.73
2024-08-21 03:10:00,8780.73,8780.89,8780.08,8780.4
2024-08-21 03:10:00,8780.38,8780.73,8779.42,8779.64
2024-08-21 03:10:00,8779.41,8779.56,8778.88,8779.3
2024-08-21 03:10:00,8779.3,8779.98,8779.14,8779.69
2024-08-21 03:15:00,8779.89,8780.18,8779.69,8779.96
2024-08-21 03:15:00,8779.96,8780.51,8779.64,8779.72
2024-08-21 03:15:00,8779.45,8779.63,8778.59,8778.88
2024-08-21 03:15:00,8778.85,8778.99,8778.36,8778.75
2024-08-21 03:15:00,8778.47,8779.17,8778.47,8778.86
2024-08-21 03:15:00,8779.29,8779.56,8778.31,8778.47
2024-08-21 03:15:00,8778.73,8779.43,8778.62,8779.13
2024-08-21 03:15:00,8779.3,8779.7,8779.01,8779.19
2024-08-21 03:15:00,8779.33,8780.61,8778.9,8780.61
2024-08-21 03:15:00,8780.52,8780.52,8779.61,8779.95
2024-08-21 03:15:00,8779.97,8781.47,8779.97,8781.14
2024-08-21 03:20:00,8781.37,8781.88,8781.37,8781.72
2024-08-21 03:20:00,8781.59,8782.08,8781.07,8781.58
2024-08-21 03:20:00,8781.77,8781.77,8780.42,8780.42
2024-08-21 03:20:00,8780.35,8780.38,8779.4,8779.4
2024-08-21 03:20:00,8779.5,8780.1,8779.43,8779.87
2024-08-21 03:20:00,8779.6,8779.68,8778.93,8779.16
2024-08-21 03:20:00,8779.3,8779.62,8779.05,8779.42
2024-08-21 03:20:00,8779.22,8779.65,8778.93,8779.13
2024-08-21 03:20:00,8779.18,8780.72,8779.16,8780.72
2024-08-21 03:20:00,8780.59,8781.07,8780.03,8781.07
2024-08-21 03:20:00,8781.13,8781.78,8781.13,8781.39
2024-08-21 03:25:00,8781.48,8781.76,8781.46,8781.76
2024-08-21 03:25:00,8781.79,8781.81,8780.75,8780.95
2024-08-21 03:25:00,8781.0,8782.85,8781.0,8782.42
2024-08-21 03:25:00,8782.31,8783.2,8782.04,8783.09
2024-08-21 03:25:00,8783.02,8783.52,8782.84,8782.92
2024-08-21 03:25:00,8782.9,8783.52,8782.62,8783.38
2024-08-21 03:25:00,8783.44,8784.35,8783.12,8783.89
2024-08-21 03:25:00,8783.87,8784.84,8783.51,8784.38
2024-08-21 03:25:00,8784.25,8785.33,8784.09,8784.72
2024-08-21 03:25:00,8784.1,8784.61,8783.56,8784.44
2024-08-21 03:25:00,8784.28,8785.56,8784.21,8784.91
2024-08-21 03:30:00,8784.88,8784.88,8784.52,8784.52
2024-08-21 03:30:00,8784.49,8785.97,8784.41,8785.85
2024-08-21 03:30:00,8785.56,8785.94,8785.0,8785.72
2024-08-21 03:30:00,8785.68,8786.49,8785.09,8785.41
2024-08-21 03:30:00,8785.44,8785.85,8785.23,8785.36
2024-08-21 03:30:00,8784.98,8785.59,8784.51,8785.57
2024-08-21 03:30:00,8785.47,8786.19,8785.34,8785.73
2024-08-21 03:30:00,8785.92,8785.92,8784.45,8784.94
2024-08-21 03:30:00,8785.02,8786.32,8785.02,8786.05
2024-08-21 03:30:00,8785.9,8786.53,8785.7,8785.7
2024-08-21 03:30:00,8785.68,8786.28,8785.53,8786.28
2024-08-21 03:35:00,8786.25,8786.39,8785.69,8785.76
2024-08-21 03:35:00,8785.76,8786.45,8785.23,8785.49
2024-08-21 03:35:00,8785.62,8786.24,8785.5,8786.14
2024-08-21 03:35:00,8786.35,8787.44,8786.13,8787.44
2024-08-21 03:35:00,8787.22,8789.72,8787.22,8789.59
2024-08-21 03:35:00,8789.59,8790.37,8789.47,8789.88
2024-08-21 03:35:00,8789.9,8790.6,8789.62,8790.25
2024-08-21 03:35:00,8790.41,8790.46,8789.59,8790.46
2024-08-21 03:35:00,8790.37,8790.51,8789.52,8789.97
2024-08-21 03:35:00,8790.04,8790.04,8788.34,8788.83
2024-08-21 03:35:00,8788.52,8788.61,8786.96,8786.96
2024-08-21 03:40:00,8786.91,8786.91,8786.53,8786.78
2024-08-21 03:40:00,8786.82,8787.35,8786.49,8786.56
2024-08-21 03:40:00,8786.33,8786.81,8785.87,8786.2
2024-08-21 03:40:00,8786.01,8786.92,8786.01,8786.92
2024-08-21 03:40:00,8787.35,8787.55,8786.31,8786.31
2024-08-21 03:40:00,8786.08,8786.08,8784.89,8785.31
2024-08-21 03:40:00,8785.14,8785.97,8784.85,8785.6
2024-08-21 03:40:00,8785.59,8785.62,8784.72,8785.32
2024-08-21 03:40:00,8785.4,8785.92,8785.22,8785.68
2024-08-21 03:40:00,8785.69,8786.89,8785.66,8786.02
2024-08-21 03:40:00,8786.36,8786.59,8786.18,8786.51
2024-08-21 03:45:00,8786.47,8786.47,8785.58,8785.58
2024-08-21 03:45:00,8785.84,8787.04,8785.84,8786.13
2024-08-21 03:45:00,8785.95,8786.0,8785.23,8785.37
2024-08-21 03:45:00,8785.15,8786.54,8785.15,8785.97
2024-08-21 03:45:00,8785.97,8787.37,8785.91,8787.37
2024-08-21 03:45:00,8787.31,8787.49,8786.85,8786.85
2024-08-21 03:45:00,8786.69,8787.8,8786.69,8787.51
2024-08-21 03:45:00,8787.54,8788.15,8787.54,8788.1
2024-08-21 03:45:00,8788.17,8788.31,8787.41,8787.41
2024-08-21 03:45:00,8787.2,8788.13,8786.73,8788.13
2024-08-21 03:45:00,8787.79,8788.89,8787.3,8788.8
2024-08-21 03:50:00,8788.66,8788.86,8788.24,8788.86
2024-08-21 03:50:00,8788.81,8789.01,8787.94,8787.94
2024-08-21 03:50:00,8787.91,8789.36,8787.91,8789.17
2024-08-21 03:50:00,8789.02,8789.26,8788.63,8789.0
2024-08-21 03:50:00,8788.89,8788.96,8788.11,8788.73
2024-08-21 03:50:00,8788.8,8788.89,8788.38,8788.87
2024-08-21 03:50:00,8789.12,8789.33,8787.71,8787.84
2024-08-21 03:50:00,8787.9,8788.97,8787.47,8788.62
2024-08-21 03:50:00,8788.41,8790.47,8788.29,8790.17
2024-08-21 03:50:00,8790.35,8791.73,8790.23,8791.73
2024-08-21 03:50:00,8791.97,8793.4,8791.79,8793.4
2024-08-21 03:55:00,8793.28,8793.78,8793.28,8793.78
2024-08-21 03:55:00,8793.73,8794.0,8793.0,8793.25
2024-08-21 03:55:00,8793.03,8793.4,8792.2,8792.2
2024-08-21 03:55:00,8792.41,8793.6,8792.03,8793.34
2024-08-21 03:55:00,8793.41,8795.06,8793.41,8794.48
2024-08-21 03:55:00,8794.63,8795.05,8794.2,8794.2
2024-08-21 03:55:00,8794.15,8795.09,8793.48,8795.09
2024-08-21 03:55:00,8794.87,8795.98,8794.85,8795.95
2024-08-21 03:55:00,8796.07,8796.28,8794.69,8795.26
2024-08-21 03:55:00,8795.31,8795.5,8794.95,8795.14
2024-08-21 03:55:00,8794.92,8795.17,8794.32,8794.32
2024-08-21 04:00:00,8794.45,8794.63,8794.42,8794.63
2024-08-21 04:00:00,8794.49,8794.74,8793.78,8794.74
2024-08-21 04:00:00,8794.94,8795.98,8794.86,8795.88
2024-08-21 04:00:00,8795.43,8796.35,8795.43,8796.35
2024-08-21 04:00:00,8796.1,8797.1,8795.84,8796.71
2024-08-21 04:00:00,8796.84,8797.54,8796.26,8797.19
2024-08-21 04:00:00,8797.3,8797.72,8796.94,8797.31
2024-08-21 04:00:00,8797.26,8798.02,8796.73,8797.77
2024-08-21 04:00:00,8797.81,8797.81,8796.29,8796.29
2024-08-21 04:00:00,8796.12,8796.43,8794.82,8794.82
2024-08-21 04:00:00,8795.04,8795.19,8794.62,8794.94
2024-08-21 04:05:00,8794.97,8794.97,8793.87,8793.87
2024-08-21 04:05:00,8794.13,8794.16,8792.47,8792.8
2024-08-21 04:05:00,8793.06,8793.54,8792.75,8793.39
2024-08-21 04:05:00,8793.33,8794.5,8793.33,8794.08
2024-08-21 04:05:00,8794.14,8794.85,8793.92,8794.75
2024-08-21 04:05:00,8794.91,8794.91,8793.22,8793.34
2024-08-21 04:05:00,8793.02,8793.55,8792.81,8793.02
2024-08-21 04:05:00,8792.82,8793.71,8792.79,8792.79
2024-08-21 04:05:00,8792.98,8793.0,8792.29,8792.6
2024-08-21 04:05:00,8792.61,8792.61,8791.47,8791.82
2024-08-21 04:05:00,8791.95,8792.89,8791.95,8792.89
2024-08-21 04:10:00,8792.98,8793.51,8792.66,8792.66
2024-08-21 04:10:00,8792.84,8793.36,8792.58,8793.14
2024-08-21 04:10:00,8793.01,8794.55,8792.9,8794.16
2024-08-21 04:10:00,8794.01,8794.45,8792.6,8792.6
2024-08-21 04:10:00,8792.68,8792.83,8791.56,8792.42
2024-08-21 04:10:00,8792.77,8793.33,8792.41,8792.58
2024-08-21 04:10:00,8793.02,8793.75,8792.96,8793.21
2024-08-21 04:10:00,8793.41,8793.91,8793.21,8793.65
2024-08-21 04:10:00,8793.75,8794.12,8793.52,8794.02
2024-08-21 04:10:00,8794.11,8794.8,8793.63,8793.86
2024-08-21 04:10:00,8794.0,8794.68,8793.96,8793.99
2024-08-21 04:15:00,8793.85,8793.98,8793.42,8793.88
2024-08-21 04:15:00,8793.95,8794.07,8793.53,8793.64
2024-08-21 04:15:00,8793.75,8793.94,8793.12,8793.61
2024-08-21 04:15:00,8793.52,8793.53,8792.49,8792.66
2024-08-21 04:15:00,8793.07,8794.39,8792.69,8793.88
2024-08-21 04:15:00,8793.93,8794.31,8793.48,8793.92
2024-08-21 04:15:00,8793.61,8794.73,8793.37,8793.6
2024-08-21 04:15:00,8793.72,8794.88,8793.72,8794.61
2024-08-21 04:15:00,8794.57,8795.17,8793.77,8793.77
2024-08-21 04:15:00,8793.64,8793.73,8791.89,8792.42
2024-08-21 04:15:00,8792.4,8792.97,8792.36,8792.67
2024-08-21 04:20:00,8792.85,8793.1,8791.79,8791.87
2024-08-21 04:20:00,8791.83,8791.93,8791.03,8791.11
2024-08-21 04:20:00,8790.92,8791.23,8790.19,8791.23
2024-08-21 04:20:00,8791.65,8792.05,8791.01,8791.69
2024-08-21 04:20:00,8791.52,8792.57,8791.43,8791.65
2024-08-21 04:20:00,8791.84,8792.21,8790.86,8791.12
2024-08-21 04:20:00,8791.23,8792.49,8791.23,8791.83
2024-08-21 04:20:00,8791.62,8791.94,8790.82,8791.0
2024-08-21 04:20:00,8791.11,8792.02,8791.11,8791.47
2024-08-21 04:20:00,8791.74,8792.05,8791.26,8791.26
2024-08-21 04:20:00,8791.11,8791.49,8790.5,8791.25
2024-08-21 04:25:00,8791.3,8791.84,8791.17,8791.84
2024-08-21 04:25:00,8791.63,8792.88,8791.63,8792.88
2024-08-21 04:25:00,8793.24,8794.0,8792.6,8793.74
2024-08-21 04:25:00,8793.67,8795.97,8793.63,8795.97
2024-08-21 04:25:00,8795.92,8796.06,8794.77,8794.82
2024-08-21 04:25:00,8794.99,8795.33,8794.31,8795.33
2024-08-21 04:25:00,8795.23,8796.36,8795.23,8796.27
2024-08-21 04:25:00,8796.39,8797.07,8795.98,8796.61
2024-08-21 04:25:00,8797.17,8797.75,8796.75,8797.62
2024-08-21 04:25:00,8797.66,8798.12,8797.25,8797.37
2024-08-21 04:25:00,8797.3,8797.6,8797.11,8797.22
2024-08-21 04:30:00,8797.36,8797.41,8796.06,8796.06
2024-08-21 04:30:00,8796.29,8797.65,8796.06,8796.94
2024-08-21 04:30:00,8797.21,8797.21,8795.64,8795.64
2024-08-21 04:30:00,8795.49,8796.29,8795.46,8795.49
2024-08-21 04:30:00,8795.61,8795.84,8794.78,8794.78
2024-08-21 04:30:00,8794.5,8795.66,8794.36,8794.36
2024-08-21 04:30:00,8794.41,8795.12,8794.31,8795.04
2024-08-21 04:30:00,8794.86,8794.86,8793.9,8793.95
2024-08-21 04:30:00,8794.08,8794.3,8793.04,8793.07
2024-08-21 04:30:00,8793.07,8793.07,8792.24,8792.25
2024-08-21 04:30:00,8792.57,8792.76,8792.32,8792.76
2024-08-21 04:35:00,8792.73,8792.92,8792.53,8792.92
2024-08-21 04:35:00,8793.05,8793.83,8792.72,8793.29
2024-08-21 04:35:00,8792.87,8794.78,8792.87,8794.66
2024-08-21 04:35:00,8795.04,8795.3,8794.69,8794.87
2024-08-21 04:35:00,8794.82,8796.29,8794.45,8795.56
2024-08-21 04:35:00,8795.26,8795.26,8793.64,8793.9
2024-08-21 04:35:00,8793.83,8794.14,8793.39,8793.39
2024-08-21 04:35:00,8793.4,8793.89,8792.78,8793.89
2024-08-21 04:35:00,8793.57,8793.67,8792.89,8792.9
2024-08-21 04:35:00,8793.09,8793.63,8792.68,8793.31
2024-08-21 04:35:00,8793.26,8793.38,8792.42,8792.57
2024-08-21 04:40:00,8792.28,8792.28,8791.37,8791.37
2024-08-21 04:40:00,8791.24,8792.19,8791.17,8792.04
2024-08-21 04:40:00,8791.85,8793.1,8791.5,8792.02
2024-08-21 04:40:00,8792.01,8793.26,8792.01,8792.93
2024-08-21 04:40:00,8792.98,8793.57,8792.5,8793.42
2024-08-21 04:40:00,8793.64,8794.15,8792.08,8792.08
2024-08-21 04:40:00,8792.25,8793.77,8792.03,8793.56
2024-08-21 04:40:00,8793.68,8794.05,8793.11,8793.21
2024-08-21 04:40:00,8793.23,8794.32,8792.93,8794.32
2024-08-21 04:40:00,8793.96,8794.4,8793.75,8794.1
2024-08-21 04:40:00,8793.98,8794.15,8793.21,8793.31
2024-08-21 04:45:00,8793.36,8793.49,8792.7,8792.75
2024-08-21 04:45:00,8792.76,8793.53,8792.44,8792.9
2024-08-21 04:45:00,8792.87,8793.12,8791.49,8791.59
2024-08-21 04:45:00,8791.78,8792.69,8791.68,8792.69
2024-08-21 04:45:00,8793.22,8794.03,8792.91,8793.52
2024-08-21 04:45:00,8793.36,8793.43,8792.4,8792.4
2024-08-21 04:45:00,8792.56,8793.51,8792.48,8792.93
2024-08-21 04:45:00,8792.73,8794.09,8792.67,8794.09
2024-08-21 04:45:00,8794.05,8794.11,8792.73,8793.18
2024-08-21 04:45:00,8792.98,8794.51,8792.91,8794.26
2024-08-21 04:45:00,8793.98,8794.12,8793.65,8793.72
2024-08-21 04:50:00,8793.69,8794.11,8793.66,8793.79
2024-08-21 04:50:00,8793.63,8795.22,8793.54,8795.22
2024-08-21 04:50:00,8795.38,8795.44,8794.53,8794.53
2024-08-21 04:50:00,8794.95,8795.13,8794.66,8795.01
2024-08-21 04:50:00,8794.99,8795.8,8794.51,8795.8
2024-08-21 04:50:00,8795.48,8796.85,8795.46,8796.65
2024-08-21 04:50:00,8797.06,8798.55,8797.03,8797.9
2024-08-21 04:50:00,8797.78,8797.78,8795.81,8796.16
2024-08-21 04:50:00,8795.96,8796.58,8795.52,8796.48
2024-08-21 04:50:00,8796.45,8798.05,8796.45,8797.4
2024-08-21 04:50:00,8797.44,8797.91,8797.1,8797.1
2024-08-21 04:55:00,8797.02,8797.16,8796.52,8796.85
2024-08-21 04:55:00,8796.85,8797.29,8796.23,8797.29
2024-08-21 04:55:00,8796.97,8797.57,8796.5,8797.3
2024-08-21 04:55:00,8796.83,8797.05,8796.45,8796.97
2024-08-21 04:55:00,8796.97,8798.01,8796.84,8797.58
2024-08-21 04:55:00,8797.72,8797.88,8797.05,8797.8
2024-08-21 04:55:00,8797.71,8797.96,8797.12,8797.34
2024-08-21 04:55:00,8797.39,8798.03,8797.05,8797.91
2024-08-21 04:55:00,8798.2,8798.81,8796.95,8796.95
2024-08-21 04:55:00,8796.59,8797.72,8796.25,8796.51
2024-08-21 04:55:00,8796.43,8796.43,8795.48,8795.48
2024-08-21 05:00:00,8795.36,8795.51,8795.09,8795.51
2024-08-21 05:00:00,8795.55,8796.46,8795.31,8795.31
2024-08-21 05:00:00,8795.06,8796.4,8794.95,8796.31
2024-08-21 05:00:00,8796.17,8797.08,8795.83,8796.41
2024-08-21 05:00:00,8796.46,8796.96,8796.14,8796.66
2024-08-21 05:00:00,8796.46,8796.53,8795.72,8796.03
2024-08-21 05:00:00,8795.87,8797.36,8795.82,8797.36
2024-08-21 05:00:00,8797.56,8798.5,8797.32,8798.5
2024-08-21 05:00:00,8798.71,8799.72,8798.16,8799.63
2024-08-21 05:00:00,8799.8,8800.17,8799.24,8799.65
2024-08-21 05:00:00,8799.55,8799.9,8799.25,8799.9
2024-08-21 05:05:00,8799.98,8800.06,8799.12,8799.3
2024-08-21 05:05:00,8799.77,8800.55,8799.77,8800.55
2024-08-21 05:05:00,8800.19,8800.31,8798.82,8798.99
2024-08-21 05:05:00,8799.17,8800.31,8799.17,8800.31
2024-08-21 05:05:00,8800.33,8801.64,8800.1,8801.59
2024-08-21 05:05:00,8801.61,8802.62,8801.61,8801.79
2024-08-21 05:05:00,8801.86,8802.24,8801.71,8801.77
2024-08-21 05:05:00,8801.74,8803.38,8801.74,8803.11
2024-08-21 05:05:00,8803.36,8804.03,8802.96,8803.68
2024-08-21 05:05:00,8803.45,8804.31,8803.26,8803.6
2024-08-21 05:05:00,8803.93,8804.07,8803.5,8803.63
2024-08-21 05:10:00,8803.64,8803.74,8803.2,8803.2
2024-08-21 05:10:00,8803.15,8803.9,8803.0,8803.88
2024-08-21 05:10:00,8803.98,8804.49,8802.85,8803.31
2024-08-21 05:10:00,8803.34,8804.42,8803.14,8803.94
2024-08-21 05:10:00,8803.47,8803.8,8802.49,8802.49
2024-08-21 05:10:00,8802.4,8802.4,8801.18,8801.26
2024-08-21 05:10:00,8801.29,8801.52,8800.63,8801.51
2024-08-21 05:10:00,8801.92,8802.09,8800.67,8800.82
2024-08-21 05:10:00,8801.03,8801.03,8800.03,8800.27
2024-08-21 05:10:00,8800.18,8801.06,8800.18,8800.63
2024-08-21 05:10:00,8800.86,8800.98,8799.94,8799.94
2024-08-21 05:15:00,8799.83,8800.64,8799.83,8800.07
2024-08-21 05:15:00,8800.26,8800.73,8799.54,8799.54
2024-08-21 05:15:00,8799.36,8799.36,8797.31,8797.31
2024-08-21 05:15:00,8797.46,8797.84,8796.25,8796.33
2024-08-21 05:15:00,8796.63,8797.2,8796.63,8796.77
2024-08-21 05:15:00,8796.85,8797.37,8796.41,8797.31
2024-08-21 05:15:00,8797.26,8798.05,8797.2,8797.36
2024-08-21 05:15:00,8797.39,8797.39,8796.38,8797.33
2024-08-21 05:15:00,8797.3,8799.87,8797.3,8799.74
2024-08-21 05:15:00,8799.57,8800.16,8798.92,8799.34
2024-08-21 05:15:00,8799.47,8800.44,8799.47,8800.17
2024-08-21 05:20:00,8800.25,8800.56,8799.82,8800.25
2024-08-21 05:20:00,8800.4,8801.69,8800.4,8800.61
2024-08-21 05:20:00,8800.24,8800.78,8799.51,8799.69
2024-08-21 05:20:00,8799.31,8800.22,8799.18,8799.87
2024-08-21 05:20:00,8799.85,8799.85,8798.7,8799.1
2024-08-21 05:20:00,8799.06,8799.11,8798.31,8798.31
2024-08-21 05:20:00,8798.73,8798.73,8797.82,8797.82
2024-08-21 05:20:00,8797.73,8798.01,8796.86,8797.1
2024-08-21 05:20:00,8797.18,8797.18,8795.67,8796.12
2024-08-21 05:20:00,8796.12,8796.76,8795.78,8796.76
2024-08-21 05:20:00,8796.79,8796.79,8795.48,8796.04
2024-08-21 05:25:00,8796.24,8797.63,8796.24,8797.63
2024-08-21 05:25:00,8797.58,8798.17,8796.74,8796.74
2024-08-21 05:25:00,8797.17,8797.17,8795.04,8795.04
2024-08-21 05:25:00,8794.95,8794.95,8793.11,8793.23
2024-08-21 05:25:00,8793.23,8793.23,8792.32,8792.47
2024-08-21 05:25:00,8792.03,8792.35,8791.41,8791.41
2024-08-21 05:25:00,8791.52,8793.25,8791.52,8793.14
2024-08-21 05:25:00,8793.17,8794.42,8793.17,8794.42
2024-08-21 05:25:00,8794.49,8794.49,8793.8,8794.35
2024-08-21 05:25:00,8794.3,8794.3,8792.79,8792.98
2024-08-21 05:25:00,8792.53,8792.73,8792.47,8792.54
2024-08-21 05:30:00,8792.34,8792.62,8791.94,8792.33
2024-08-21 05:30:00,8792.1,8792.67,8791.45,8791.45
2024-08-21 05:30:00,8791.2,8791.34,8790.75,8791.28
2024-08-21 05:30:00,8791.27,8791.56,8789.94,8790.26
2024-08-21 05:30:00,8789.86,8790.4,8789.15,8789.35
2024-08-21 05:30:00,8789.2,8789.66,8788.6,8789.66
2024-08-21 05:30:00,8789.28,8789.84,8789.1,8789.2
2024-08-21 05:30:00,8789.14,8789.23,8788.38,8788.38
2024-08-21 05:30:00,8788.25,8788.74,8787.52,8787.52
2024-08-21 05:30:00,8787.57,8787.88,8786.86,8786.86
2024-08-21 05:30:00,8786.82,8787.43,8786.82,8787.12
2024-08-21 05:35:00,8787.27,8787.33,8786.33,8786.84
2024-08-21 05:35:00,8786.42,8786.42,8785.2,8785.23
2024-08-21 05:35:00,8785.35,8785.48,8784.24,8784.33
2024-08-21 05:35:00,8784.6,8785.44,8784.4,8784.77
2024-08-21 05:35:00,8785.19,8785.49,8784.29,8784.29
2024-08-21 05:35:00,8784.69,8785.14,8783.92,8784.59
2024-08-21 05:35:00,8784.11,8784.39,8782.53,8782.76
2024-08-21 05:35:00,8782.62,8782.76,8782.03,8782.41
2024-08-21 05:35:00,8782.59,8782.99,8782.18,8782.2
2024-08-21 05:35:00,8782.39,8782.79,8781.61,8781.61
2024-08-21 05:35:00,8781.72,8781.96,8781.32,8781.32
2024-08-21 05:40:00,8780.96,8781.2,8780.5,8781.02
2024-08-21 05:40:00,8780.97,8782.39,8780.34,8782.06
2024-08-21 05:40:00,8782.01,8782.31,8781.41,8781.74
2024-08-21 05:40:00,8781.99,8781.99,8781.05,8781.53
2024-08-21 05:40:00,8781.38,8781.83,8780.5,8781.55
2024-08-21 05:40:00,8781.92,8783.13,8781.69,8781.94
2024-08-21 05:40:00,8781.77,8781.95,8780.69,8780.95
2024-08-21 05:40:00,8780.93,8781.27,8780.22,8780.22
2024-08-21 05:40:00,8779.84,8781.09,8779.76,8780.91
2024-08-21 05:40:00,8780.91,8780.91,8779.68,8780.5
2024-08-21 05:40:00,8780.49,8781.86,8780.49,8781.86
2024-08-21 05:45:00,8781.96,8781.96,8780.86,8780.97
2024-08-21 05:45:00,8781.03,8781.68,8780.69,8781.29
2024-08-21 05:45:00,8781.32,8782.87,8781.32,8782.64
2024-08-21 05:45:00,8782.26,8782.5,8781.88,8782.38
2024-08-21 05:45:00,8782.73,8783.01,8782.22,8782.25
2024-08-21 05:45:00,8782.34,8782.4,8781.54,8781.54
2024-08-21 05:45:00,8781.54,8782.2,8781.47,8781.74
2024-08-21 05:45:00,8781.83,8782.12,8781.58,8781.74
2024-08-21 05:45:00,8781.77,8782.26,8781.49,8782.23
2024-08-21 05:45:00,8782.24,8782.93,8781.95,8782.88
2024-08-21 05:45:00,8783.24,8783.3,8783.07,8783.11
2024-08-21 05:50:00,8783.12,8783.44,8782.69,8783.37
2024-08-21 05:50:00,8783.45,8783.64,8782.93,8783.02
2024-08-21 05:50:00,8782.79,8784.12,8782.56,8784.01
2024-08-21 05:50:00,8784.23,8784.23,8782.96,8783.78
2024-08-21 05:50:00,8783.75,8784.02,8782.82,8783.17
2024-08-21 05:50:00,8782.74,8782.84,8781.85,8782.16
2024-08-21 05:50:00,8782.46,8782.76,8781.58,8781.87
2024-08-21 05:50:00,8781.88,8782.56,8781.78,8782.5
2024-08-21 05:50:00,8782.6,8783.19,8782.3,8782.68
2024-08-21 05:50:00,8782.48,8783.05,8782.34,8782.52
2024-08-21 05:50:00,8782.49,8782.71,8782.45,8782.66
2024-08-21 05:55:00,8782.66,8782.66,8781.58,8781.97
2024-08-21 05:55:00,8781.88,8782.22,8781.17,8781.28
2024-08-21 05:55:00,8781.58,8783.21,8781.58,8782.41
2024-08-21 05:55:00,8782.12,8782.12,8780.84,8781.54
2024-08-21 05:55:00,8781.63,8781.68,8780.42,8780.57
2024-08-21 05:55:00,8780.61,8780.87,8780.3,8780.48
2024-08-21 05:55:00,8780.51,8781.94,8780.36,8781.71
2024-08-21 05:55:00,8781.22,8782.44,8781.08,8782.33
2024-08-21 05:55:00,8782.34,8782.34,8781.21,8781.76
2024-08-21 05:55:00,8781.4,8782.59,8781.31,8781.93
2024-08-21 05:55:00,8782.15,8782.23,8781.67,8781.67
2024-08-21 06:00:00,8781.72,8781.72,8780.59,8780.59
2024-08-21 06:00:00,8780.32,8781.06,8780.32,8780.96
2024-08-21 06:00:00,8780.94,8781.37,8780.49,8781.37
2024-08-21 06:00:00,8781.55,8782.26,8781.27,8781.6
2024-08-21 06:00:00,8782.17,8783.99,8782.0,8783.72
2024-08-21 06:00:00,8783.62,8783.92,8783.17,8783.66
2024-08-21 06:00:00,8783.45,8783.55,8782.55,8782.7
2024-08-21 06:00:00,8782.78,8783.97,8782.78,8783.67
2024-08-21 06:00:00,8783.91,8784.23,8783.19,8783.19
2024-08-21 06:00:00,8783.11,8783.47,8782.8,8782.85
2024-08-21 06:00:00,8782.9,8783.05,8782.8,8782.94
2024-08-21 06:05:00,8783.01,8783.42,8782.55,8783.21
2024-08-21 06:05:00,8783.43,8783.82,8783.06,8783.24
2024-08-21 06:05:00,8783.46,8783.6,8782.47,8782.62
2024-08-21 06:05:00,8782.83,8783.36,8782.52,8782.68
2024-08-21 06:05:00,8782.67,8783.21,8782.43,8783.21
2024-08-21 06:05:00,8783.05,8783.37,8782.37,8783.34
2024-08-21 06:05:00,8783.14,8783.66,8782.5,8782.74
2024-08-21 06:05:00,8782.47,8783.18,8782.47,8782.71
2024-08-21 06:05:00,8782.66,8782.91,8781.93,8782.46
2024-08-21 06:05:00,8782.28,8782.88,8782.2,8782.56
2024-08-21 06:05:00,8782.4,8782.53,8782.32,8782.53
2024-08-21 06:10:00,8782.69,8783.18,8782.44,8783.1
2024-08-21 06:10:00,8783.16,8785.09,8783.16,8784.64
2024-08-21 06:10:00,8784.78,8784.9,8784.26,8784.31
2024-08-21 06:10:00,8784.54,8784.54,8783.64,8784.32
2024-08-21 06:10:00,8784.6,8785.19,8784.4,8785.02
2024-08-21 06:10:00,8784.92,8786.49,8784.18,8786.49
2024-08-21 06:10:00,8786.28,8786.52,8785.8,8786.46
2024-08-21 06:10:00,8786.46,8788.22,8786.35,8788.22
2024-08-21 06:10:00,8788.1,8788.52,8787.29,8787.49
2024-08-21 06:10:00,8787.81,8788.34,8787.62,8787.87
2024-08-21 06:10:00,8788.05,8788.72,8788.05,8788.72
2024-08-21 06:15:00,8788.62,8789.38,8788.53,8789.38
2024-08-21 06:15:00,8789.2,8789.2,8788.45,8789.07
2024-08-21 06:15:00,8788.93,8789.58,8787.79,8787.79
2024-08-21 06:15:00,8787.77,8788.81,8787.36,8788.81
2024-08-21 06:15:00,8788.85,8790.1,8788.74,8789.89
2024-08-21 06:15:00,8789.9,8790.04,8788.92,8789.9
2024-08-21 06:15:00,8790.06,8790.95,8789.8,8790.9
2024-08-21 06:15:00,8790.49,8791.51,8790.22,8790.93
2024-08-21 06:15:00,8790.85,8791.32,8789.32,8789.42
2024-08-21 06:15:00,8789.47,8789.67,8788.61,8788.94
2024-08-21 06:15:00,8789.0,8789.93,8789.0,8789.93
2024-08-21 06:20:00,8789.78,8790.23,8789.77,8790.17
2024-08-21 06:20:00,8790.23,8790.44,8789.76,8790.17
2024-08-21 06:20:00,8790.05,8790.73,8789.8,8790.45
2024-08-21 06:20:00,8790.34,8790.56,8789.59,8789.82
2024-08-21 06:20:00,8789.72,8790.9,8789.53,8789.85
2024-08-21 06:20:00,8789.76,8790.01,8788.72,8789.0
2024-08-21 06:20:00,8789.19,8789.32,8787.78,8788.01
2024-08-21 06:20:00,8787.81,8788.83,8787.64,8788.43
2024-08-21 06:20:00,8788.57,8789.12,8788.16,8788.72
2024-08-21 06:20:00,8788.63,8789.64,8788.63,8789.62
2024-08-21 06:20:00,8789.79,8789.91,8789.63,8789.91
2024-08-21 06:25:00,8790.18,8790.92,8789.98,8790.78
2024-08-21 06:25:00,8790.87,8791.33,8790.45,8791.17
2024-08-21 06:25:00,8790.99,8791.5,8790.48,8790.51
2024-08-21 06:25:00,8790.07,8790.77,8789.88,8789.96
2024-08-21 06:25:00,8789.94,8790.07,8789.31,8789.31
2024-08-21 06:25:00,8789.35,8789.74,8788.69,8788.69
2024-08-21 06:25:00,8788.51,8788.77,8787.29,8787.92
2024-08-21 06:25:00,8787.88,8787.91,8786.35,8786.35
2024-08-21 06:25:00,8786.03,8786.81,8785.42,8786.6
2024-08-21 06:25:00,8786.31,8786.86,8785.06,8785.19
2024-08-21 06:25:00,8785.22,8785.25,8784.38,8784.38
2024-08-21 06:30:00,8784.43,8784.58,8784.01,8784.57
2024-08-21 06:30:00,8785.01,8785.97,8784.78,8784.83
2024-08-21 06:30:00,8784.47,8785.55,8784.33,8784.73
2024-08-21 06:30:00,8784.83,8785.13,8784.54,8784.73
2024-08-21 06:30:00,8784.83,8784.99,8784.28,8784.61
2024-08-21 06:30:00,8784.44,8784.7,8783.16,8783.4
2024-08-21 06:30:00,8783.31,8783.65,8783.07,8783.54
2024-08-21 06:30:00,8783.76,8783.86,8782.19,8782.24
2024-08-21 06:30:00,8782.13,8783.13,8781.88,8783.13
2024-08-21 06:30:00,8783.0,8783.77,8782.94,8783.6
2024-08-21 06:30:00,8783.22,8783.22,8782.84,8783.0
2024-08-21 06:35:00,8782.86,8782.86,8781.92,8782.29
2024-08-21 06:35:00,8782.38,8782.47,8781.85,8781.85
2024-08-21 06:35:00,8781.76,8781.93,8780.75,8781.06
2024-08-21 06:35:00,8781.07,8781.94,8780.97,8781.86
2024-08-21 06:35:00,8781.99,8782.24,8781.31,8781.31
2024-08-21 06:35:00,8781.16,8781.42,8780.39,8780.39
2024-08-21 06:35:00,8780.65,8781.52,8780.65,8780.67
2024-08-21 06:35:00,8780.89,8781.39,8780.73,8780.96
2024-08-21 06:35:00,8781.04,8781.54,8780.49,8781.47
2024-08-21 06:35:00,8781.82,8782.16,8781.38,8782.01
2024-08-21 06:35:00,8782.17,8782.45,8782.1,8782.19
2024-08-21 06:40:00,8782.18,8782.87,8782.11,8782.87
2024-08-21 06:40:00,8783.26,8783.54,8782.73,8782.8
2024-08-21 06:40:00,8783.0,8783.15,8781.46,8781.55
2024-08-21 06:40:00,8781.6,8781.79,8781.13,8781.6
2024-08-21 06:40:00,8781.42,8781.64,8780.75,8781.34
2024-08-21 06:40:00,8781.16,8781.16,8779.58,8780.05
2024-08-21 06:40:00,8780.36,8780.52,8779.78,8780.22
2024-08-21 06:40:00,8780.4,8780.92,8780.19,8780.51
2024-08-21 06:40:00,8780.64,8781.6,8780.64,8780.87
2024-08-21 06:40:00,8781.17,8781.17,8779.98,8781.08
2024-08-21 06:40:00,8781.39,8781.39,8781.08,8781.08
2024-08-21 06:45:00,8781.06,8781.75,8781.06,8781.4
2024-08-21 06:45:00,8781.78,8782.19,8781.34,8781.5
2024-08-21 06:45:00,8781.7,8781.9,8781.16,8781.27
2024-08-21 06:45:00,8781.65,8782.59,8781.22,8781.75
2024-08-21 06:45:00,8781.74,8782.35,8781.34,8781.34
2024-08-21 06:45:00,8781.48,8782.6,8781.35,8782.58
2024-08-21 06:45:00,8782.56,8783.0,8782.42,8782.94
2024-08-21 06:45:00,8782.76,8783.58,8782.76,8783.29
2024-08-21 06:45:00,8783.28,8783.28,8782.53,8782.85
2024-08-21 06:45:00,8782.96,8782.98,8780.49,8780.53
2024-08-21 06:45:00,8780.72,8780.95,8780.66,8780.8
2024-08-21 06:50:00,8780.85,8781.36,8780.15,8780.74
2024-08-21 06:50:00,8780.48,8780.86,8780.1,8780.42
2024-08-21 06:50:00,8780.17,8780.81,8779.61,8780.76
2024-08-21 06:50:00,8780.7,8781.13,8780.23,8780.86
2024-08-21 06:50:00,8780.89,8781.15,8780.34,8780.89
2024-08-21 06:50:00,8781.1,8782.29,8781.07,8782.29
2024-08-21 06:50:00,8782.34,8782.6,8781.49,8781.87
2024-08-21 06:50:00,8781.54,8782.01,8781.29,8782.01
2024-08-21 06:50:00,8782.06,8782.83,8781.75,8782.32
2024-08-21 06:50:00,8782.22,8782.53,8781.55,8782.24
2024-08-21 06:50:00,8781.88,8782.0,8781.79,8781.79
2024-08-21 06:55:00,8781.93,8782.31,8781.7,8781.87
2024-08-21 06:55:00,8781.62,8782.37,8781.42,8781.85
2024-08-21 06:55:00,8781.83,8782.45,8781.69,8781.78
2024-08-21 06:55:00,8782.03,8782.31,8781.22,8781.29
2024-08-21 06:55:00,8780.92,8781.99,8780.92,8781.38
2024-08-21 06:55:00,8781.34,8781.95,8781.25,8781.87
2024-08-21 06:55:00,8781.86,8782.62,8781.86,8782.39
2024-08-21 06:55:00,8782.55,8782.66,8782.12,8782.44
2024-08-21 06:55:00,8782.36,8783.23,8782.29,8782.86
2024-08-21 06:55:00,8782.49,8782.64,8781.89,8782.64
2024-08-21 06:55:00,8782.68,8783.15,8782.68,8783.15
2024-08-21 07:00:00,8782.96,8782.97,8782.08,8782.5
2024-08-21 07:00:00,8782.52,8782.95,8782.03,8782.95
2024-08-21 07:00:00,8782.69,8782.7,8780.67,8781.57
2024-08-21 07:00:00,8781.78,8781.78,8780.26,8780.26
2024-08-21 07:00:00,8780.39,8780.59,8778.87,8778.91
2024-08-21 07:00:00,8778.9,8779.07,8778.01,8778.87
2024-08-21 07:00:00,8778.84,8780.6,8778.84,8780.44
2024-08-21 07:00:00,8780.66,8781.09,8779.73,8780.88
2024-08-21 07:00:00,8781.14,8781.2,8779.81,8780.08
2024-08-21 07:00:00,8780.25,8781.57,8780.25,8781.53
2024-08-21 07:00:00,8781.56,8781.71,8781.56,8781.62
2024-08-21 07:05:00,8781.46,8781.55,8780.7,8781.39
2024-08-21 07:05:00,8781.5,8781.56,8781.02,8781.56
2024-08-21 07:05:00,8781.37,8781.41,8780.49,8780.65
2024-08-21 07:05:00,8780.93,8781.03,8780.23,8780.76
2024-08-21 07:05:00,8780.58,8780.67,8780.02,8780.21
2024-08-21 07:05:00,8780.49,8780.86,8779.38,8779.48
2024-08-21 07:05:00,8779.47,8779.47,8778.02,8778.83
2024-08-21 07:05:00,8779.11,8780.09,8779.11,8779.38
2024-08-21 07:05:00,8779.57,8780.93,8779.57,8780.53
2024-08-21 07:05:00,8780.62,8780.62,8779.8,8780.61
2024-08-21 07:05:00,8780.53,8780.53,8780.18,8780.28
2024-08-21 07:10:00,8780.23,8780.5,8779.96,8780.5
2024-08-21 07:10:00,8780.29,8780.29,8779.49,8779.68
2024-08-21 07:10:00,8779.41,8779.7,8778.35,8778.35
2024-08-21 07:10:00,8778.66,8778.67,8776.54,8776.54
2024-08-21 07:10:00,8776.27,8777.19,8776.27,8776.87
2024-08-21 07:10:00,8776.77,8776.89,8776.09,8776.12
2024-08-21 07:10:00,8776.21,8776.21,8775.0,8775.11
2024-08-21 07:10:00,8775.23,8776.74,8774.97,8776.48
2024-08-21 07:10:00,8776.34,8776.38,8775.1,8776.22
2024-08-21 07:10:00,8776.26,8776.26,8775.18,8775.57
2024-08-21 07:10:00,8775.75,8775.75,8775.54,8775.54
2024-08-21 07:15:00,8775.43,8775.65,8774.38,8774.52
2024-08-21 07:15:00,8773.93,8774.34,8773.3,8773.3
2024-08-21 07:15:00,8773.52,8774.5,8773.31,8773.65
2024-08-21 07:15:00,8773.58,8773.58,8771.84,8772.42
2024-08-21 07:15:00,8772.41,8774.69,8772.41,8774.53
2024-08-21 07:15:00,8774.57,8775.19,8774.4,8775.19
2024-08-21 07:15:00,8774.96,8774.99,8774.49,8774.52
2024-08-21 07:15:00,8774.77,8776.53,8774.77,8776.08
2024-08-21 07:15:00,8775.94,8776.01,8774.45,8774.45
2024-08-21 07:15:00,8774.45,8774.55,8773.31,8773.31
2024-08-21 07:15:00,8774.01,8774.33,8774.01,8774.33
2024-08-21 07:20:00,8774.36,8774.54,8773.74,8773.88
2024-08-21 07:20:00,8773.69,8774.25,8772.94,8773.16
2024-08-21 07:20:00,8773.68,8774.41,8773.68,8774.29
2024-08-21 07:20:00,8774.62,8776.03,8774.22,8775.95
2024-08-21 07:20:00,8775.87,8776.48,8775.46,8776.39
2024-08-21 07:20:00,8776.61,8777.0,8775.98,8776.77
2024-08-21 07:20:00,8776.74,8777.72,8776.74,8777.26
2024-08-21 07:20:00,8777.1,8777.58,8776.26,8777.38
2024-08-21 07:20:00,8777.59,8778.85,8777.48,8778.22
2024-08-21 07:20:00,8778.3,8780.05,8778.3,8780.01
2024-08-21 07:20:00,8779.93,8780.02,8779.85,8779.85
2024-08-21 07:25:00,8780.07,8781.64,8779.94,8781.37
2024-08-21 07:25:00,8781.19,8781.51,8780.34,8780.62
2024-08-21 07:25:00,8780.81,8781.04,8780.34,8780.69
2024-08-21 07:25:00,8781.1,8782.05,8780.9,8781.57
2024-08-21 07:25:00,8781.54,8781.54,8780.36,8780.37
2024-08-21 07:25:00,8780.29,8781.77,8779.96,8781.52
2024-08-21 07:25:00,8781.24,8781.24,8780.09,8780.16
2024-08-21 07:25:00,8780.07,8780.18,8779.31,8780.17
2024-08-21 07:25:00,8780.15,8781.19,8780.15,8780.93
2024-08-21 07:25:00,8780.96,8782.73,8780.96,8782.48
2024-08-21 07:25:00,8782.68,8782.82,8782.68,8782.82
2024-08-21 07:30:00,8782.72,8782.83,8781.97,8782.47
2024-08-21 07:30:00,8782.67,8782.91,8781.9,8782.04
2024-08-21 07:30:00,8782.4,8782.69,8781.89,8782.53
2024-08-21 07:30:00,8782.57,8782.58,8781.34,8781.5
2024-08-21 07:30:00,8781.42,8782.3,8781.33,8782.3
2024-08-21 07:30:00,8781.93,8781.93,8780.81,8781.06
2024-08-21 07:30:00,8780.79,8780.79,8779.04,8779.04
2024-08-21 07:30:00,8779.26,8780.28,8779.02,8779.1
2024-08-21 07:30:00,8778.91,8779.97,8778.83,8779.21
2024-08-21 07:30:00,8779.5,8780.06,8778.85,8778.85
2024-08-21 07:30:00,8778.62,8778.78,8778.62,8778.78
2024-08-21 07:35:00,8778.65,8780.03,8778.64,8779.49
2024-08-21 07:35:00,8779.73,8780.28,8779.59,8780.17
2024-08-21 07:35:00,8780.08,8780.16,8779.44,8779.49
2024-08-21 07:35:00,8779.29,8780.15,8779.29,8779.6
2024-08-21 07:35:00,8779.94,8780.45,8779.57,8779.81
2024-08-21 07:35:00,8779.85,8780.51,8779.74,8780.17
2024-08-21 07:35:00,8780.49,8781.0,8780.39,8780.92
2024-08-21 07:35:00,8781.1,8782.16,8780.97,8781.47
2024-08-21 07:35:00,8781.8,8783.35,8781.74,8782.79
2024-08-21 07:35:00,8782.99,8783.52,8782.3,8782.75
2024-08-21 07:35:00,8782.46,8782.46,8782.46,8782.46
2024-08-21 07:40:00,8782.42,8782.94,8782.04,8782.89
2024-08-21 07:40:00,8782.67,8782.79,8780.59,8780.71
2024-08-21 07:40:00,8780.84,8782.08,8780.8,8782.08
2024-08-21 07:40:00,8782.12,8782.12,8781.22,8781.47
2024-08-21 07:40:00,8781.26,8782.18,8781.09,8781.68
2024-08-21 07:40:00,8781.88,8783.85,8781.88,8783.59
2024-08-21 07:40:00,8783.82,8784.42,8783.16,8784.4
2024-08-21 07:40:00,8784.21,8784.76,8783.49,8784.26
2024-08-21 07:40:00,8784.18,8785.43,8783.61,8785.07
2024-08-21 07:40:00,8785.28,8786.14,8784.71,8786.1
2024-08-21 07:40:00,8786.21,8786.21,8786.21,8786.21
2024-08-21 07:45:00,8786.25,8788.27,8786.19,8788.27
2024-08-21 07:45:00,8788.38,8788.94,8788.16,8788.94
2024-08-21 07:45:00,8788.75,8790.3,8788.58,8790.11
2024-08-21 07:45:00,8790.01,8791.33,8790.01,8790.89
2024-08-21 07:45:00,8791.67,8791.94,8791.28,8791.85
2024-08-21 07:45:00,8791.89,8791.95,8791.02,8791.16
2024-08-21 07:45:00,8791.22,8791.95,8791.15,8791.78
2024-08-21 07:45:00,8791.63,8791.68,8790.72,8790.97
2024-08-21 07:45:00,8791.16,8791.3,8790.76,8791.17
2024-08-21 07:45:00,8791.11,8791.21,8790.41,8790.44
2024-08-21 07:45:00,8790.73,8790.73,8790.73,8790.73
2024-08-21 07:50:00,8790.84,8791.22,8790.43,8790.44
2024-08-21 07:50:00,8790.61,8790.96,8790.38,8790.6
2024-08-21 07:50:00,8790.71,8791.11,8789.64,8790.45
2024-08-21 07:50:00,8790.6,8791.75,8790.26,8791.75
2024-08-21 07:50:00,8791.76,8792.48,8791.6,8792.46
2024-08-21 07:50:00,8792.76,8793.26,8792.32,8792.8
2024-08-21 07:50:00,8792.94,8793.46,8792.53,8792.84
2024-08-21 07:50:00,8792.83,8793.56,8792.46,8792.56
2024-08-21 07:50:00,8792.53,8793.24,8792.23,8792.23
2024-08-21 07:50:00,8792.02,8792.02,8790.19,8790.6
2024-08-21 07:55:00,8790.5,8790.51,8789.38,8790.07
2024-08-21 07:55:00,8789.87,8789.87,8788.62,8788.81
2024-08-21 07:55:00,8788.91,8789.73,8788.64,8789.42
2024-08-21 07:55:00,8789.45,8790.85,8789.45,8790.3
2024-08-21 07:55:00,8790.03,8790.64,8789.93,8790.36
2024-08-21 07:55:00,8790.35,8790.68,8789.83,8790.4
2024-08-21 07:55:00,8790.69,8790.97,8790.36,8790.43
2024-08-21 07:55:00,8790.0,8790.52,8789.43,8789.78
2024-08-21 07:55:00,8789.82,8791.13,8789.82,8790.81
2024-08-21 07:55:00,8791.43,8791.79,8790.89,8791.71
2024-08-21 08:00:00,8791.96,8792.96,8791.96,8792.36
2024-08-21 08:00:00,8792.34,8792.35,8791.18,8791.18
2024-08-21 08:00:00,8791.23,8791.85,8790.52,8790.57
2024-08-21 08:00:00,8790.71,8792.01,8790.51,8791.6
2024-08-21 08:00:00,8791.36,8791.88,8791.21,8791.69
2024-08-21 08:00:00,8791.12,8792.27,8790.94,8791.77
2024-08-21 08:00:00,8792.11,8792.19,8790.59,8791.17
2024-08-21 08:00:00,8791.25,8792.24,8790.84,8791.83
2024-08-21 08:00:00,8791.78,8792.0,8791.22,8791.92
2024-08-21 08:00:00,8791.41,8791.8,8790.84,8790.92
2024-08-21 08:05:00,8790.82,8790.82,8789.77,8789.98
2024-08-21 08:05:00,8790.28,8791.47,8790.28,8790.79
2024-08-21 08:05:00,8790.87,8791.34,8789.76,8790.15
2024-08-21 08:05:00,8790.36,8791.86,8790.36,8790.77
2024-08-21 08:05:00,8790.59,8790.59,8789.68,8789.9
2024-08-21 08:05:00,8789.87,8790.81,8789.87,8790.07
2024-08-21 08:05:00,8789.72,8790.01,8789.19,8789.88
2024-08-21 08:05:00,8790.05,8790.13,8789.56,8789.57
2024-08-21 08:05:00,8789.91,8790.72,8789.5,8790.72
2024-08-21 08:05:00,8790.97,8791.62,8790.6,8791.03
2024-08-21 08:10:00,8790.79,8791.07,8790.5,8790.59
2024-08-21 08:10:00,8790.64,8792.46,8790.64,8792.46
2024-08-21 08:10:00,8792.65,8792.68,8791.68,8791.89
2024-08-21 08:10:00,8791.51,8792.34,8791.2,8792.21
2024-08-21 08:10:00,8792.06,8792.11,8791.33,8791.47
2024-08-21 08:10:00,8791.3,8792.87,8791.24,8792.7
2024-08-21 08:10:00,8792.42,8793.37,8791.68,8791.79
2024-08-21 08:10:00,8791.76,8793.14,8791.76,8793.1
2024-08-21 08:10:00,8792.64,8795.2,8792.37,8795.2
2024-08-21 08:10:00,8795.68,8796.17,8794.89,8795.35
2024-08-21 08:15:00,8795.31,8795.31,8794.7,8795.17
2024-08-21 08:15:00,8795.28,8795.9,8795.17,8795.21
2024-08-21 08:15:00,8795.23,8796.82,8795.21,8796.78
2024-08-21 08:15:00,8796.7,8798.14,8796.7,8797.66
2024-08-21 08:15:00,8797.72,8798.83,8797.71,8798.72
2024-08-21 08:15:00,8798.5,8799.19,8798.5,8798.77
2024-08-21 08:15:00,8798.9,8800.67,8798.84,8799.56
2024-08-21 08:15:00,8799.5,8800.79,8799.5,8800.32
2024-08-21 08:15:00,8800.45,8800.97,8800.41,8800.87
2024-08-21 08:15:00,8801.02,8801.75,8800.84,8801.48
2024-08-21 08:20:00,8801.36,8801.36,8801.36,8801.36
2024-08-21 08:20:00,8801.78,8801.78,8800.69,8801.16
2024-08-21 08:20:00,8801.27,8801.74,8800.54,8801.16
2024-08-21 08:20:00,8801.88,8801.88,8800.81,8801.45
2024-08-21 08:20:00,8801.47,8802.64,8801.47,8801.72
2024-08-21 08:20:00,8801.92,8801.92,8800.68,8800.9
2024-08-21 08:20:00,8800.98,8800.98,8799.99,8800.21
2024-08-21 08:20:00,8800.37,8801.39,8800.19,8801.39
2024-08-21 08:20:00,8801.18,8801.18,8799.87,8800.0
2024-08-21 08:20:00,8799.85,8801.72,8799.7,8801.72
2024-08-21 08:20:00,8801.79,8801.92,8801.32,8801.32
2024-08-21 08:25:00,8801.53,8801.53,8801.53,8801.53
2024-08-21 08:25:00,8801.73,8802.5,8801.73,8802.17
2024-08-21 08:25:00,8802.06,8802.06,8801.33,8801.83
2024-08-21 08:25:00,8802.13,8802.21,8800.71,8800.71
2024-08-21 08:25:00,8800.21,8801.55,8800.19,8801.55
2024-08-21 08:25:00,8801.25,8801.51,8800.61,8801.43
2024-08-21 08:25:00,8801.64,8802.2,8801.02,8801.39
2024-08-21 08:25:00,8801.54,8801.92,8800.94,8801.47
2024-08-21 08:25:00,8801.14,8801.87,8801.14,8801.42
2024-08-21 08:25:00,8801.51,8801.51,8800.26,8800.45
2024-08-21 08:25:00,8800.46,8801.31,8799.9,8801.31
2024-08-21 08:30:00,8801.65,8801.65,8801.65,8801.65
2024-08-21 08:30:00,8801.72,8802.14,8800.97,8802.14
2024-08-21 08:30:00,8802.28,8802.72,8801.44,8801.44
2024-08-21 08:30:00,8801.21,8802.1,8800.88,8801.81
2024-08-21 08:30:00,8801.92,8802.07,8801.43,8801.97
2024-08-21 08:30:00,8801.75,8803.51,8801.75,8802.85
2024-08-21 08:30:00,8803.13,8803.43,8802.51,8802.93
2024-08-21 08:30:00,8802.73,8803.64,8802.55,8803.64
2024-08-21 08:30:00,8803.66,8803.82,8802.69,8802.82
2024-08-21 08:30:00,8802.85,8804.31,8802.85,8804.26
2024-08-21 08:30:00,8804.31,8804.77,8803.39,8804.43
2024-08-21 08:35:00,8804.44,8804.44,8804.32,8804.32
2024-08-21 08:35:00,8804.67,8805.16,8804.19,8804.78
2024-08-21 08:35:00,8804.63,8804.78,8803.31,8803.64
2024-08-21 08:35:00,8803.84,8804.0,8802.66,8804.0
2024-08-21 08:35:00,8803.73,8804.04,8803.51,8803.98
2024-08-21 08:35:00,8804.03,8805.88,8804.03,8805.51
2024-08-21 08:35:00,8805.35,8805.73,8805.08,8805.58
2024-08-21 08:35:00,8805.46,8806.0,8804.72,8805.94
2024-08-21 08:35:00,8806.0,8806.49,8805.61,8806.0
2024-08-21 08:35:00,8805.85,8805.95,8804.88,8805.52
2024-08-21 08:35:00,8805.65,8807.33,8805.65,8806.34
2024-08-21 08:40:00,8806.3,8806.35,8806.3,8806.35
2024-08-21 08:40:00,8806.51,8806.63,8805.62,8806.15
2024-08-21 08:40:00,8806.05,8807.34,8806.05,8807.3
2024-08-21 08:40:00,8807.39,8808.12,8807.3,8807.44
2024-08-21 08:40:00,8807.23,8808.1,8807.11,8807.24
2024-08-21 08:40:00,8807.07,8807.25,8805.42,8805.52
2024-08-21 08:40:00,8805.48,8805.48,8804.33,8804.37
2024-08-21 08:40:00,8804.51,8804.53,8803.74,8804.09
2024-08-21 08:40:00,8803.89,8804.12,8803.06,8803.67
2024-08-21 08:40:00,8803.84,8804.01,8803.3,8803.73
2024-08-21 08:40:00,8803.88,8804.17,8803.22,8803.88
2024-08-21 08:45:00,8803.86,8803.89,8803.86,8803.89
2024-08-21 08:45:00,8803.68,8804.93,8803.63,8804.2
2024-08-21 08:45:00,8804.03,8804.67,8803.45,8803.82
2024-08-21 08:45:00,8803.65,8803.85,8803.06,8803.23
2024-08-21 08:45:00,8803.45,8803.72,8803.08,8803.08
2024-08-21 08:45:00,8803.18,8803.96,8803.18,8803.63
2024-08-21 08:45:00,8803.35,8803.35,8801.81,8801.94
2024-08-21 08:45:00,8802.01,8803.13,8801.93,8802.56
2024-08-21 08:45:00,8802.76,8803.77,8802.76,8803.58
2024-08-21 08:45:00,8803.64,8803.88,8803.13,8803.83
2024-08-21 08:45:00,8803.42,8804.35,8803.37,8804.05
2024-08-21 08:50:00,8804.01,8804.01,8803.76,8803.76
2024-08-21 08:50:00,8803.78,8805.12,8803.78,8804.3
2024-08-21 08:50:00,8803.89,8804.68,8803.66,8804.15
2024-08-21 08:50:00,8804.1,8804.8,8803.85,8804.37
2024-08-21 08:50:00,8804.41,8805.59,8804.41,8805.38
2024-08-21 08:50:00,8805.6,8806.05,8805.06,8805.27
2024-08-21 08:50:00,8805.17,8805.75,8804.64,8804.64
2024-08-21 08:50:00,8804.7,8804.94,8804.22,8804.38
2024-08-21 08:50:00,8804.18,8805.57,8804.14,8805.39
2024-08-21 08:50:00,8805.22,8805.71,8804.66,8805.56
2024-08-21 08:50:00,8805.65,8805.69,8804.32,8804.73
2024-08-21 08:55:00,8804.78,8804.86,8804.72,8804.72
2024-08-21 08:55:00,8804.47,8804.61,8803.8,8804.4
2024-08-21 08:55:00,8804.38,8804.78,8804.06,8804.49
2024-08-21 08:55:00,8804.17,8804.28,8803.79,8803.84
2024-08-21 08:55:00,8803.82,8803.82,8802.55,8802.62
2024-08-21 08:55:00,8802.44,8802.54,8801.69,8802.1
2024-08-21 08:55:00,8801.98,8802.11,8799.67,8799.67
2024-08-21 08:55:00,8799.82,8800.6,8799.43,8800.45
2024-08-21 08:55:00,8800.48,8800.48,8799.48,8799.99
2024-08-21 08:55:00,8800.25,8800.83,8800.1,8800.71
2024-08-21 08:55:00,8800.98,8801.41,8800.21,8801.36
2024-08-21 09:00:00,8801.65,8801.65,8801.48,8801.58
2024-08-21 09:00:00,8801.71,8802.01,8800.77,8801.32
2024-08-21 09:00:00,8800.96,8801.0,8799.77,8799.77
2024-08-21 09:00:00,8800.13,8801.47,8800.13,8801.04
2024-08-21 09:00:00,8800.82,8801.99,8800.6,8801.99
2024-08-21 09:00:00,8802.14,8803.23,8802.04,8803.0
2024-08-21 09:00:00,8803.02,8803.72,8802.27,8802.76
2024-08-21 09:00:00,8802.76,8802.85,8802.11,8802.37
2024-08-21 09:00:00,8802.36,8802.69,8801.73,8801.73
2024-08-21 09:00:00,8801.67,8802.13,8800.76,8801.16
2024-08-21 09:00:00,8801.33,8802.24,8801.09,8802.24
2024-08-21 09:05:00,8802.29,8802.34,8802.15,8802.34
2024-08-21 09:05:00,8802.51,8803.61,8802.38,8803.52
2024-08-21 09:05:00,8803.39,8804.78,8803.39,8804.78
2024-08-21 09:05:00,8804.5,8805.36,8804.49,8805.36
2024-08-21 09:05:00,8805.36,8807.02,8805.36,8806.78
2024-08-21 09:05:00,8806.66,8807.29,8806.37,8807.1
2024-08-21 09:05:00,8807.1,8807.49,8806.35,8807.36
2024-08-21 09:05:00,8807.08,8807.92,8806.98,8807.82
2024-08-21 09:05:00,8808.01,8808.46,8807.76,8807.92
2024-08-21 09:05:00,8808.12,8808.62,8807.62,8808.34
2024-08-21 09:05:00,8808.3,8808.76,8807.85,8807.85
2024-08-21 09:10:00,8807.99,8808.12,8807.78,8807.78
2024-08-21 09:10:00,8808.09,8808.39,8807.38,8808.28
2024-08-21 09:10:00,8808.67,8809.21,8808.32,8809.17
2024-08-21 09:10:00,8808.99,8809.94,8808.9,8809.5
2024-08-21 09:10:00,8809.35,8809.35,8808.05,8809.13
2024-08-21 09:10:00,8808.98,8810.48,8808.98,8810.21
2024-08-21 09:10:00,8810.21,8811.55,8810.13,8811.55
2024-08-21 09:10:00,8811.85,8812.53,8811.72,8812.53
2024-08-21 09:10:00,8812.47,8812.67,8811.33,8812.67
2024-08-21 09:10:00,8812.56,8812.88,8812.04,8812.87
2024-08-21 09:10:00,8813.07,8814.06,8813.07,8813.75
2024-08-21 09:15:00,8813.71,8813.85,8813.63,8813.66
2024-08-21 09:15:00,8813.51,8814.41,8813.51,8814.04
2024-08-21 09:15:00,8813.74,8814.25,8813.32,8814.22
2024-08-21 09:15:00,8814.03,8814.65,8813.95,8814.39
2024-08-21 09:15:00,8814.18,8814.35,8813.88,8814.16
2024-08-21 09:15:00,8814.09,8814.25,8813.15,8813.59
2024-08-21 09:15:00,8813.73,8814.33,8813.48,8814.1
2024-08-21 09:15:00,8813.97,8813.97,8812.79,8813.9
2024-08-21 09:15:00,8813.8,8814.61,8813.71,8814.52
2024-08-21 09:15:00,8814.59,8815.81,8814.06,8815.81
2024-08-21 09:15:00,8815.86,8815.9,8814.16,8814.69
2024-08-21 09:20:00,8814.57,8814.91,8814.57,8814.91
2024-08-21 09:20:00,8814.88,8815.39,8814.5,8815.16
2024-08-21 09:20:00,8814.96,8814.96,8814.34,8814.53
2024-08-21 09:20:00,8814.64,8814.89,8813.58,8813.86
2024-08-21 09:20:00,8813.84,8815.54,8813.61,8815.54
2024-08-21 09:20:00,8815.55,8816.45,8815.52,8816.45
2024-08-21 09:20:00,8816.31,8817.07,8815.67,8816.59
2024-08-21 09:20:00,8816.77,8817.19,8816.46,8816.68
2024-08-21 09:20:00,8816.64,8818.0,8816.52,8817.98
2024-08-21 09:20:00,8818.49,8818.49,8817.12,8817.94
2024-08-21 09:20:00,8818.32,8818.32,8817.32,8817.65
2024-08-21 09:25:00,8817.77,8818.27,8817.77,8818.27
2024-08-21 09:25:00,8818.48,8818.48,8816.37,8816.37
2024-08-21 09:25:00,8816.44,8817.68,8816.44,8817.33
2024-08-21 09:25:00,8817.08,8817.09,8816.26,8816.26
2024-08-21 09:25:00,8816.13,8816.51,8815.85,8816.09
2024-08-21 09:25:00,8815.76,8816.26,8815.39,8816.13
2024-08-21 09:25:00,8816.45,8818.69,8816.45,8818.69
2024-08-21 09:25:00,8818.68,8819.82,8818.62,8819.53
2024-08-21 09:25:00,8819.23,8820.45,8819.03,8819.63
2024-08-21 09:25:00,8819.74,8820.67,8819.53,8819.67
2024-08-21 09:25:00,8819.44,8820.6,8819.44,8820.48
2024-08-21 09:30:00,8820.74,8821.14,8820.66,8821.14
2024-08-21 09:30:00,8821.58,8821.77,8820.65,8821.29
2024-08-21 09:30:00,8820.92,8821.7,8820.72,8821.08
2024-08-21 09:30:00,8821.05,8821.87,8821.03,8821.28
2024-08-21 09:30:00,8821.2,8822.27,8821.16,8821.9
2024-08-21 09:30:00,8821.93,8822.03,8821.07,8821.07
2024-08-21 09:30:00,8820.75,8821.13,8820.3,8820.75
2024-08-21 09:30:00,8820.62,8820.62,8819.83,8819.98
2024-08-21 09:30:00,8819.86,8819.86,8817.5,8817.5
2024-08-21 09:30:00,8817.5,8818.43,8817.08,8817.56
2024-08-21 09:30:00,8817.78,8817.96,8817.29,8817.47
2024-08-21 09:35:00,8817.64,8817.64,8817.33,8817.38
2024-08-21 09:35:00,8817.28,8817.95,8816.6,8816.6
2024-08-21 09:35:00,8816.44,8816.72,8815.4,8815.72
2024-08-21 09:35:00,8815.86,8816.05,8814.45,8814.78
2024-08-21 09:35:00,8814.86,8815.37,8814.19,8815.01
2024-08-21 09:35:00,8815.23,8815.41,8813.16,8813.19
2024-08-21 09:35:00,8813.36,8814.25,8813.31,8813.78
2024-08-21 09:35:00,8814.19,8814.55,8813.95,8813.95
2024-08-21 09:35:00,8813.95,8813.95,8812.53,8813.58
2024-08-21 09:35:00,8813.79,8813.79,8813.18,8813.56
2024-08-21 09:35:00,8813.37,8813.37,8812.38,8812.38
2024-08-21 09:40:00,8812.64,8812.87,8812.47,8812.87
2024-08-21 09:40:00,8812.86,8813.37,8812.45,8812.49
2024-08-21 09:40:00,8811.87,8812.66,8811.57,8812.43
2024-08-21 09:40:00,8812.29,8813.57,8811.62,8813.23
2024-08-21 09:40:00,8813.04,8813.45,8812.25,8812.41
2024-08-21 09:40:00,8812.57,8812.57,8810.73,8810.73
2024-08-21 09:40:00,8810.95,8811.28,8810.53,8811.28
2024-08-21 09:40:00,8810.82,8810.99,8809.77,8810.05
2024-08-21 09:40:00,8810.12,8811.06,8809.72,8810.33
2024-08-21 09:40:00,8810.45,8810.45,8809.05,8809.31
2024-08-21 09:40:00,8809.65,8810.01,8809.28,8809.98
2024-08-21 09:45:00,8809.96,8809.96,8809.43,8809.43
2024-08-21 09:45:00,8809.44,8809.57,8808.9,8808.96
2024-08-21 09:45:00,8808.89,8809.05,8808.32,8808.92
2024-08-21 09:45:00,8808.77,8808.84,8807.54,8807.65
2024-08-21 09:45:00,8807.56,8808.01,8806.6,8806.66
2024-08-21 09:45:00,8806.33,8806.88,8805.91,8806.67
2024-08-21 09:45:00,8806.8,8806.92,8806.22,8806.24
2024-08-21 09:45:00,8806.22,8806.39,8805.69,8805.85
2024-08-21 09:45:00,8806.08,8807.05,8805.88,8806.81
2024-08-21 09:45:00,8806.96,8807.53,8806.72,8807.41
2024-08-21 09:45:00,8807.33,8808.05,8807.33,8807.65
2024-08-21 09:50:00,8807.36,8807.98,8807.36,8807.98
2024-08-21 09:50:00,8807.92,8808.42,8807.75,8808.42
2024-08-21 09:50:00,8808.35,8808.56,8807.75,8807.75
2024-08-21 09:50:00,8807.8,8808.42,8807.49,8807.95
2024-08-21 09:50:00,8807.83,8808.0,8807.33,8807.68
2024-08-21 09:50:00,8807.84,8809.8,8807.68,8809.7
2024-08-21 09:50:00,8810.08,8810.53,8809.81,8810.53
2024-08-21 09:50:00,8810.49,8811.23,8810.13,8811.11
2024-08-21 09:50:00,8810.86,8811.1,8810.31,8810.57
2024-08-21 09:50:00,8809.92,8810.14,8809.4,8809.75
2024-08-21 09:50:00,8809.58,8810.11,8809.58,8809.6
2024-08-21 09:55:00,8809.72,8809.72,8809.18,8809.44
2024-08-21 09:55:00,8809.54,8809.54,8808.89,8809.5
2024-08-21 09:55:00,8809.36,8809.37,8807.93,8808.03
2024-08-21 09:55:00,8808.21,8809.84,8808.21,8809.62
2024-08-21 09:55:00,8809.48,8809.5,8808.46,8808.86
2024-08-21 09:55:00,8808.58,8808.62,8806.54,8806.55
2024-08-21 09:55:00,8806.41,8806.93,8806.17,8806.93
2024-08-21 09:55:00,8807.28,8807.76,8807.01,8807.29
2024-08-21 09:55:00,8807.09,8808.07,8806.72,8807.86
2024-08-21 09:55:00,8808.11,8808.27,8807.06,8808.05
2024-08-21 09:55:00,8808.44,8808.44,8806.56,8806.56
2024-08-21 10:00:00,8806.41,8806.73,8806.41,8806.67
2024-08-21 10:00:00,8806.56,8807.53,8806.56,8806.93
2024-08-21 10:00:00,8806.54,8806.54,8805.12,8805.18
2024-08-21 10:00:00,8805.44,8806.07,8804.79,8804.81
2024-08-21 10:00:00,8805.08,8806.57,8804.64,8806.3
2024-08-21 10:00:00,8806.21,8806.21,8803.89,8804.23
2024-08-21 10:00:00,8804.1,8805.16,8804.1,8804.92
2024-08-21 10:00:00,8805.08,8805.17,8803.34,8803.64
2024-08-21 10:00:00,8803.29,8803.29,8802.58,8802.58
2024-08-21 10:00:00,8802.28,8802.28,8799.99,8800.15
2024-08-21 10:00:00,8800.34,8801.2,8800.26,8800.64
2024-08-21 10:05:00,8800.47,8800.47,8799.39,8799.39
2024-08-21 10:05:00,8799.56,8799.6,8798.41,8798.41
2024-08-21 10:05:00,8798.78,8798.94,8797.66,8797.93
2024-08-21 10:05:00,8797.61,8798.15,8797.2,8798.02
2024-08-21 10:05:00,8797.78,8797.98,8797.13,8797.74
2024-08-21 10:05:00,8797.79,8798.98,8797.7,8798.98
2024-08-21 10:05:00,8798.95,8799.38,8798.17,8798.4
2024-08-21 10:05:00,8798.54,8798.6,8798.07,8798.51
2024-08-21 10:05:00,8798.86,8799.51,8798.86,8799.1
2024-08-21 10:05:00,8798.76,8799.35,8798.6,8798.92
2024-08-21 10:05:00,8798.84,8799.32,8798.63,8799.07
2024-08-21 10:10:00,8799.29,8799.44,8799.21,8799.25
2024-08-21 10:10:00,8799.11,8800.05,8798.9,8799.03
2024-08-21 10:10:00,8798.54,8799.11,8798.42,8798.55
2024-08-21 10:10:00,8798.63,8798.83,8798.13,8798.42
2024-08-21 10:10:00,8798.2,8799.14,8798.14,8799.04
2024-08-21 10:10:00,8799.55,8799.83,8798.12,8798.18
2024-08-21 10:10:00,8798.38,8798.71,8798.25,8798.41
2024-08-21 10:10:00,8798.53,8798.82,8798.25,8798.76
2024-08-21 10:10:00,8798.41,8799.66,8798.41,8799.05
2024-08-21 10:10:00,8799.18,8800.58,8799.08,8800.58
2024-08-21 10:10:00,8800.67,8802.51,8800.67,8802.51
2024-08-21 10:15:00,8802.58,8802.79,8802.43,8802.57
2024-08-21 10:15:00,8802.59,8803.32,8802.17,8802.17
2024-08-21 10:15:00,8801.96,8801.99,8801.3,8801.91
2024-08-21 10:15:00,8802.01,8802.11,8801.22,8801.55
2024-08-21 10:15:00,8801.34,8801.67,8800.38,8800.74
2024-08-21 10:15:00,8801.08,8801.51,8800.2,8800.57
2024-08-21 10:15:00,8800.94,8801.27,8800.27,8800.28
2024-08-21 10:15:00,8800.24,8801.29,8800.24,8801.25
2024-08-21 10:15:00,8801.22,8802.15,8801.22,8801.29
2024-08-21 10:15:00,8801.39,8801.51,8800.98,8801.24
2024-08-21 10:15:00,8801.16,8801.6,8800.61,8800.78
2024-08-21 10:20:00,8800.94,8801.43,8800.78,8801.43
2024-08-21 10:20:00,8801.81,8802.01,8800.85,8801.19
2024-08-21 10:20:00,8801.55,8802.14,8801.15,8801.85
2024-08-21 10:20:00,8801.86,8802.92,8801.79,8802.59
2024-08-21 10:20:00,8802.34,8803.14,8802.34,8802.96
2024-08-21 10:20:00,8802.92,8803.17,8802.44,8803.01
2024-08-21 10:20:00,8803.33,8803.86,8802.96,8803.29
2024-08-21 10:20:00,8802.98,8803.34,8801.97,8801.97
2024-08-21 10:20:00,8802.15,8802.25,8801.32,8801.45
2024-08-21 10:20:00,8801.15,8801.76,8801.09,8801.61
2024-08-21 10:20:00,8801.77,8801.89,8801.19,8801.28
2024-08-21 10:25:00,8801.51,8801.52,8801.25,8801.28
2024-08-21 10:25:00,8800.92,8801.76,8800.35,8801.6
2024-08-21 10:25:00,8801.9,8803.02,8801.9,8802.21
2024-08-21 10:25:00,8802.25,8802.25,8800.37,8800.7
2024-08-21 10:25:00,8800.73,8800.73,8799.51,8799.56
2024-08-21 10:25:00,8799.42,8799.99,8799.39,8799.76
2024-08-21 10:25:00,8799.55,8800.66,8799.05,8799.97
2024-08-21 10:25:00,8800.25,8801.34,8799.88,8800.87
2024-08-21 10:25:00,8800.46,8800.64,8799.99,8800.51
2024-08-21 10:25:00,8800.53,8800.67,8798.78,8798.78
2024-08-21 10:25:00,8798.91,8800.3,8798.91,8800.27
2024-08-21 10:30:00,8800.53,8801.4,8800.53,8801.4
2024-08-21 10:30:00,8801.31,8802.74,8801.31,8802.25
2024-08-21 10:30:00,8802.14,8803.0,8802.14,8802.37
2024-08-21 10:30:00,8802.55,8803.89,8802.55,8803.89
2024-08-21 10:30:00,8803.92,8804.72,8803.52,8804.61
2024-08-21 10:30:00,8804.46,8804.77,8803.47,8803.8
2024-08-21 10:30:00,8804.1,8804.26,8803.82,8803.97
2024-08-21 10:30:00,8803.75,8804.94,8803.75,8804.37
2024-08-21 10:30:00,8804.28,8804.95,8803.78,8804.95
2024-08-21 10:30:00,8804.93,8804.93,8804.15,8804.47
2024-08-21 10:30:00,8804.72,8805.72,8804.52,8805.72
2024-08-21 10:35:00,8805.84,8806.5,8805.75,8806.5
2024-08-21 10:35:00,8806.31,8807.33,8805.95,8807.15
2024-08-21 10:35:00,8806.87,8807.05,8805.96,8806.6
2024-08-21 10:35:00,8806.87,8807.29,8806.48,8806.6
2024-08-21 10:35:00,8806.86,8806.93,8806.26,8806.92
2024-08-21 10:35:00,8807.21,8808.15,8807.18,8807.5
2024-08-21 10:35:00,8807.48,8807.72,8806.78,8806.86
2024-08-21 10:35:00,8806.85,8806.88,8804.75,8804.97
2024-08-21 10:35:00,8805.09,8805.52,8804.1,8804.35
2024-08-21 10:35:00,8804.58,8805.01,8803.9,8804.94
2024-08-21 10:35:00,8804.6,8805.65,8804.46,8805.64
2024-08-21 10:40:00,8805.47,8805.61,8805.08,8805.08
2024-08-21 10:40:00,8805.18,8805.57,8804.29,8805.57
2024-08-21 10:40:00,8805.48,8806.09,8804.7,8805.03
2024-08-21 10:40:00,8804.66,8804.98,8804.13,8804.51
2024-08-21 10:40:00,8804.5,8805.43,8804.5,8805.42
2024-08-21 10:40:00,8805.35,8805.87,8804.57,8805.73
2024-08-21 10:40:00,8805.98,8806.81,8805.36,8805.36
2024-08-21 10:40:00,8805.29,8805.6,8804.29,8805.24
2024-08-21 10:40:00,8805.33,8806.0,8805.12,8805.53
2024-08-21 10:40:00,8805.77,8806.01,8805.4,8805.7
2024-08-21 10:40:00,8805.66,8806.15,8805.44,8805.76
2024-08-21 10:45:00,8805.9,8806.97,8805.9,8806.93
2024-08-21 10:45:00,8806.89,8806.89,8804.55,8804.61
2024-08-21 10:45:00,8804.54,8804.94,8804.2,8804.41
2024-08-21 10:45:00,8804.38,8805.11,8804.38,8804.66
2024-08-21 10:45:00,8804.65,8804.65,8803.34,8803.54
2024-08-21 10:45:00,8803.63,8804.3,8803.4,8803.7
2024-08-21 10:45:00,8803.47,8803.64,8802.05,8802.61
2024-08-21 10:45:00,8802.95,8803.38,8802.49,8802.49
2024-08-21 10:45:00,8802.41,8803.45,8802.22,8803.17
2024-08-21 10:45:00,8803.42,8803.59,8802.65,8803.16
2024-08-21 10:45:00,8803.22,8803.28,8802.75,8802.97
2024-08-21 10:50:00,8803.04,8803.04,8802.33,8802.33
2024-08-21 10:50:00,8802.52,8803.25,8802.3,8803.25
2024-08-21 10:50:00,8803.57,8803.98,8803.13,8803.7
2024-08-21 10:50:00,8803.97,8804.34,8803.62,8803.62
2024-08-21 10:50:00,8803.73,8803.97,8802.19,8803.16
2024-08-21 10:50:00,8803.16,8803.47,8802.64,8802.76
2024-08-21 10:50:00,8802.49,8803.14,8802.41,8802.8
2024-08-21 10:50:00,8802.75,8803.44,8802.58,8803.3
2024-08-21 10:50:00,8803.58,8803.97,8803.27,8803.42
2024-08-21 10:50:00,8803.22,8803.38,8801.69,8801.77
2024-08-21 10:50:00,8801.9,8802.12,8800.64,8801.01
2024-08-21 10:55:00,8801.37,8801.72,8801.0,8801.0
2024-08-21 10:55:00,8801.07,8801.21,8800.6,8800.61
2024-08-21 10:55:00,8800.83,8800.83,8800.17,8800.6
2024-08-21 10:55:00,8800.82,8800.91,8799.48,8799.48
2024-08-21 10:55:00,8799.73,8800.13,8799.01,8799.56
2024-08-21 10:55:00,8799.67,8799.67,8798.57,8799.08
2024-08-21 10:55:00,8799.21,8799.97,8798.85,8798.96
2024-08-21 10:55:00,8799.26,8800.27,8798.84,8799.45
2024-08-21 10:55:00,8799.33,8799.44,8798.69,8799.4
2024-08-21 10:55:00,8799.69,8800.11,8799.06,8799.71
2024-08-21 10:55:00,8799.81,8800.07,8799.25,8799.25
2024-08-21 11:00:00,8799.27,8799.43,8799.05,8799.26
2024-08-21 11:00:00,8798.83,8799.55,8798.55,8799.55
2024-08-21 11:00:00,8799.57,8799.81,8797.96,8798.26
2024-08-21 11:00:00,8798.0,8798.33,8797.34,8797.55
2024-08-21 11:00:00,8797.36,8797.55,8796.88,8796.88
2024-08-21 11:00:00,8797.01,8797.01,8794.75,8795.8
2024-08-21 11:00:00,8795.79,8796.89,8795.56,8796.83
2024-08-21 11:00:00,8796.74,8797.59,8796.69,8797.17
2024-08-21 11:00:00,8797.22,8797.59,8796.9,8796.98
2024-08-21 11:00:00,8796.95,8798.93,8796.95,8798.3
2024-08-21 11:00:00,8798.38,8799.18,8798.12,8799.06
2024-08-21 11:05:00,8799.16,8800.17,8799.16,8800.17
2024-08-21 11:05:00,8800.16,8800.22,8799.2,8799.2
2024-08-21 11:05:00,8799.29,8800.62,8799.29,8800.44
2024-08-21 11:05:00,8800.12,8800.31,8799.45,8799.95
2024-08-21 11:05:00,8799.99,8800.59,8799.73,8800.3
2024-08-21 11:05:00,8800.16,8800.32,8798.78,8798.96
2024-08-21 11:05:00,8798.7,8799.76,8798.64,8799.76
2024-08-21 11:05:00,8799.71,8800.79,8799.7,8800.17
2024-08-21 11:05:00,8800.42,8800.85,8799.87,8800.06
2024-08-21 11:05:00,8800.05,8800.18,8799.22,8799.22
2024-08-21 11:05:00,8799.29,8799.89,8799.21,8799.52
2024-08-21 11:10:00,8799.64,8799.64,8798.84,8798.91
2024-08-21 11:10:00,8799.02,8799.02,8797.65,8797.65
2024-08-21 11:10:00,8797.41,8797.41,8795.83,8796.04
2024-08-21 11:10:00,8796.02,8796.15,8795.34,8795.59
2024-08-21 11:10:00,8795.48,8795.48,8794.52,8795.17
2024-08-21 11:10:00,8794.84,8795.55,8794.74,8795.55
2024-08-21 11:10:00,8795.31,8795.71,8794.94,8795.01
2024-08-21 11:10:00,8795.37,8796.34,8795.36,8795.44
2024-08-21 11:10:00,8795.4,8796.77,8795.4,8796.34
2024-08-21 11:10:00,8796.56,8797.66,8796.19,8797.43
2024-08-21 11:10:00,8797.5,8798.04,8797.5,8797.5
2024-08-21 11:15:00,8797.33,8797.45,8796.82,8797.31
2024-08-21 11:15:00,8797.28,8798.3,8797.28,8797.75
2024-08-21 11:15:00,8797.6,8798.35,8797.6,8797.88
2024-08-21 11:15:00,8798.03,8798.78,8797.77,8798.64
2024-08-21 11:15:00,8798.61,8799.21,8798.38,8799.12
2024-08-21 11:15:00,8799.14,8800.37,8799.14,8799.62
2024-08-21 11:15:00,8799.41,8799.43,8798.37,8799.0
2024-08-21 11:15:00,8799.31,8799.31,8798.35,8799.08
2024-08-21 11:15:00,8798.72,8799.91,8798.58,8799.67
2024-08-21 11:15:00,8799.62,8799.68,8798.32,8798.85
2024-08-21 11:15:00,8798.79,8799.0,8798.58,8798.96
2024-08-21 11:20:00,8798.55,8798.9,8798.54,8798.88
2024-08-21 11:20:00,8799.0,8800.14,8798.8,8799.51
2024-08-21 11:20:00,8799.35,8799.97,8798.74,8799.97
2024-08-21 11:20:00,8800.21,8800.21,8799.4,8799.63
2024-08-21 11:20:00,8799.47,8799.47,8797.97,8798.4
2024-08-21 11:20:00,8798.01,8798.41,8797.58,8798.34
2024-08-21 11:20:00,8798.43,8798.89,8798.3,8798.55
2024-08-21 11:20:00,8798.66,8799.01,8797.64,8797.96
2024-08-21 11:20:00,8798.2,8798.2,8796.82,8797.0
2024-08-21 11:20:00,8797.11,8798.46,8797.1,8798.37
2024-08-21 11:20:00,8798.44,8799.22,8798.44,8798.98
2024-08-21 11:25:00,8799.1,8799.15,8798.38,8798.61
2024-08-21 11:25:00,8798.83,8798.83,8797.99,8798.36
2024-08-21 11:25:00,8798.37,8798.93,8797.84,8798.73
2024-08-21 11:25:00,8798.44,8799.01,8797.25,8798.95
2024-08-21 11:25:00,8798.99,8799.11,8798.59,8798.63
2024-08-21 11:25:00,8798.75,8798.8,8797.35,8797.53
2024-08-21 11:25:00,8797.64,8797.64,8796.79,8797.48
2024-08-21 11:25:00,8797.41,8797.41,8796.69,8796.69
2024-08-21 11:25:00,8796.73,8797.24,8796.43,8797.15
2024-08-21 11:25:00,8797.01,8797.22,8795.66,8796.4
2024-08-21 11:25:00,8796.51,8796.91,8796.3,8796.91
2024-08-21 11:30:00,8796.81,8797.35,8796.81,8797.02
2024-08-21 11:30:00,8796.74,8798.09,8796.74,8797.92
2024-08-21 11:30:00,8797.5,8797.5,8796.4,8796.73
2024-08-21 11:30:00,8796.74,8798.01,8796.24,8798.01
2024-08-21 11:30:00,8798.16,8798.16,8796.46,8796.59
2024-08-21 11:30:00,8796.38,8797.54,8796.03,8796.67
2024-08-21 11:30:00,8796.57,8797.78,8796.22,8797.59
2024-08-21 11:30:00,8797.52,8797.8,8796.87,8797.03
2024-08-21 11:30:00,8797.35,8797.76,8796.98,8797.76
2024-08-21 11:30:00,8797.91,8797.97,8797.01,8797.76
2024-08-21 11:30:00,8798.1,8798.65,8797.63,8797.63
2024-08-21 11:35:00,8797.47,8797.9,8796.94,8796.94
2024-08-21 11:35:00,8797.03,8797.56,8796.45,8796.55
2024-08-21 11:35:00,8796.71,8798.7,8796.71,8798.44
2024-08-21 11:35:00,8798.23,8798.77,8797.8,8798.15
2024-08-21 11:35:00,8798.56,8799.06,8798.4,8798.43
2024-08-21 11:35:00,8798.29,8798.34,8797.23,8797.23
2024-08-21 11:35:00,8797.4,8798.19,8796.74,8796.75
2024-08-21 11:35:00,8796.66,8797.19,8796.52,8796.7
2024-08-21 11:35:00,8796.87,8797.94,8796.73,8797.16
2024-08-21 11:35:00,8796.67,8797.23,8796.21,8796.21
2024-08-21 11:35:00,8796.51,8796.79,8796.04,8796.04
2024-08-21 11:40:00,8795.85,8796.11,8795.81,8795.91
